{"ids": [0, 1, 2, 3, 4, 5, 6, 7, 8, 9, 10, 11, 12], "names": ["BAR", "EL", "EM", "ER", "GL", "GM", "GR", "SL", "SM", "SR", "TL", "TM", "TR"], "centroids_y": [[-2.9146475791931152, -4.104888916015625, 0.8068937659263611, -0.6124935746192932, 2.806546211242676, -2.0835225582122803, -0.829645037651062, -0.1553458273410797, -1.1199342012405396, 0.39807382225990295], [1.0606356859207153, 1.728402018547058, -1.1204373836517334, 1.710959792137146, 0.11527581512928009, 3.154405355453491, 2.1547906398773193, -4.211005210876465, -3.0674612522125244, -2.467526435852051], [3.9185709953308105, 1.1932764053344727, 0.4406105875968933, -2.3173797130584717, -1.7924237251281738, -0.7954601049423218, -2.6315670013427734, -0.11313694715499878, 3.2474608421325684, 0.08369830995798111], [1.4130569696426392, 2.3581972122192383, 2.47159743309021, 2.720379114151001, 0.26517006754875183, 0.2123146802186966, 3.2501609325408936, 4.657407760620117, -0.9571994543075562, 0.08595099300146103], [-0.6899965405464172, -1.4548470973968506, 3.3778791427612305, -1.2958405017852783, -3.443208694458008, 4.003612041473389, -2.5625317096710205, 1.3778467178344727, -2.2931694984436035, -2.2693581581115723], [-1.276241421699524, -0.4749109447002411, 0.380252480506897, 2.277773380279541, -4.722464084625244, -4.281656265258789, 0.4923379421234131, -0.6829771399497986, 0.03130680322647095, -3.6940560340881348], [-1.144088864326477, 3.608581304550171, -1.2662285566329956, -0.04656914994120598, 0.9643916487693787, -1.6208696365356445, -4.545100212097168, 1.9759947061538696, -3.072878837585449, -2.31097149848938], [1.3722922801971436, -2.2036728858947754, 1.120651125907898, -1.9548099040985107, 1.0299127101898193, 5.769802570343018, 2.191606283187866, -0.16258472204208374, 2.0088672637939453, 2.8038864135742188], [0.8074004650115967, -1.1594195365905762, -1.921496868133545, 1.5994102954864502, -0.09568630158901215, -2.494563102722168, 5.256901264190674, -2.2369391918182373, 4.32651424407959, 1.5194257497787476], [0.9358644485473633, 2.8306846618652344, -3.545823574066162, -0.6562514901161194, 5.45634651184082, 0.08672964572906494, 0.3655596375465393, 0.3457282781600952, 1.3109891414642334, 2.8703060150146484], [0.6009771227836609, -1.504590630531311, -5.813223838806152, -2.3186466693878174, -3.3956081867218018, 0.10389505326747894, 1.2928392887115479, 2.7232494354248047, -1.508655071258545, 0.6652431488037109], [-2.165215015411377, 2.133862018585205, -0.018122341483831406, 1.0355916023254395, -2.9198737144470215, -0.4180915355682373, -0.7752057909965515, -2.252150774002075, -1.424757719039917, 5.132935047149658], [-2.103520631790161, 2.4992475509643555, 3.4992551803588867, 2.6146159172058105, 1.905941128730774, 1.8131839036941528, -0.8577700257301331, -1.9298961162567139, 4.114128112792969, -1.7509897947311401]]}